<?xml version="1.0" encoding="UTF-8"?>
<?xml-stylesheet type="test/xsl" href="faktura_stylesheet.xsl"?>
<FAKTURA xmlns:xsi="http://www.w3.org/2001/XMLSchema-instance"
    xsi:noNamespaceSchemaLocation="faktura_przychodzaca.xsd">
    <NR_FAKTURY>2/2023</NR_FAKTURY>
    <DATA_WYSTAWIENIA>2023-05-12</DATA_WYSTAWIENIA>
    <SPRZEDAWCA>
        <NAZWA>KBD2 Katering Bazodanowy</NAZWA>
        <NIP>3873379735</NIP>
        <ADRES>
            <MIEJSCOWOSC>Warszawa</MIEJSCOWOSC>
            <KOD_POCZTOWY>01-248</KOD_POCZTOWY>
            <NAZWA_ULICY>Plac Politechniki</NAZWA_ULICY>
            <NR_BUDYNKU>1</NR_BUDYNKU>
        </ADRES>
    </SPRZEDAWCA>
    <NABYWCA>
        <IMIE>Jan</IMIE>
        <NAZWISKO>Kowalski</NAZWISKO>
        <ADRES>
            <MIEJSCOWOSC>Bytom</MIEJSCOWOSC>
            <KOD_POCZTOWY>02-252</KOD_POCZTOWY>
            <NAZWA_ULICY>Kowalskiego</NAZWA_ULICY>
            <NR_BUDYNKU>123</NR_BUDYNKU>
        </ADRES>
    </NABYWCA>
    <POZYCJE_FAKTURY>
        <POZYCJA_FAKTURY>
            <NAZWA>Pierwsza pozycja</NAZWA>
            <ILOSC>1</ILOSC>
            <NAZWA_JEDNOSTKI>sztuka</NAZWA_JEDNOSTKI>
            <DATA_WYKONANIA>2023-05-09</DATA_WYKONANIA>
            <NETTO>120</NETTO>
            <VAT>12</VAT>
        </POZYCJA_FAKTURY>
        <POZYCJA_FAKTURY>
            <NAZWA>Druga pozycja</NAZWA>
            <ILOSC>6</ILOSC>
            <NAZWA_JEDNOSTKI>sztuka</NAZWA_JEDNOSTKI>
            <DATA_WYKONANIA>2023-05-12</DATA_WYKONANIA>
            <NETTO>50</NETTO>
            <VAT>13</VAT>
        </POZYCJA_FAKTURY>
        <POZYCJA_FAKTURY>
            <NAZWA>Trzecia pozycja</NAZWA>
            <ILOSC>2</ILOSC>
            <NAZWA_JEDNOSTKI>litr</NAZWA_JEDNOSTKI>
            <DATA_WYKONANIA>2023-05-09</DATA_WYKONANIA>
            <NETTO>340</NETTO>
            <VAT>50</VAT>
        </POZYCJA_FAKTURY>
        <POZYCJA_FAKTURY>
            <NAZWA>Czwarta pozycja</NAZWA>
            <ILOSC>5</ILOSC>
            <NAZWA_JEDNOSTKI>kilogram</NAZWA_JEDNOSTKI>
            <DATA_WYKONANIA>2023-05-09</DATA_WYKONANIA>
            <NETTO>100</NETTO>
            <VAT>10</VAT>
        </POZYCJA_FAKTURY>
    </POZYCJE_FAKTURY>
    <STAWKA_VAT>10</STAWKA_VAT>
    <WARTOSC_KWOTY_SLOWNIE>szescset dziesiec zlotych polskich</WARTOSC_KWOTY_SLOWNIE>
    <NR_KONTA>26374746378927337282938383</NR_KONTA>
    <NAZWA_BANKU>Bank Pocztowy</NAZWA_BANKU>
    <TERMIN_ZAPLATY>2022-03-12</TERMIN_ZAPLATY>
    <SPOSOB_ZAPLATY>0</SPOSOB_ZAPLATY>
</FAKTURA>